order_no,customer_id,product_id,quantity,unit_price
SMOKE-BULK-1784031113-1,1,1,1,0
SMOKE-BULK-1784031113-2,1,1,1,0
SMOKE-BULK-1784031113-3,1,1,1,0
SMOKE-BULK-1784031113-4,1,1,1,0
SMOKE-BULK-1784031113-5,1,1,1,0
SMOKE-BULK-1784031113-6,1,1,1,0
SMOKE-BULK-1784031113-7,1,1,1,0
SMOKE-BULK-1784031113-8,1,1,1,0
SMOKE-BULK-1784031113-9,1,1,1,0
SMOKE-BULK-1784031113-10,1,1,1,0
SMOKE-BULK-1784031113-11,1,1,1,0
SMOKE-BULK-1784031113-12,1,1,1,0
SMOKE-BULK-1784031113-13,1,1,1,0
SMOKE-BULK-1784031113-14,1,1,1,0
SMOKE-BULK-1784031113-15,1,1,1,0
SMOKE-BULK-1784031113-16,1,1,1,0
SMOKE-BULK-1784031113-17,1,1,1,0
SMOKE-BULK-1784031113-18,1,1,1,0
SMOKE-BULK-1784031113-19,1,1,1,0
SMOKE-BULK-1784031113-20,1,1,1,0
SMOKE-BULK-1784031113-21,1,1,1,0
SMOKE-BULK-1784031113-22,1,1,1,0
SMOKE-BULK-1784031113-23,1,1,1,0
SMOKE-BULK-1784031113-24,1,1,1,0
SMOKE-BULK-1784031113-25,1,1,1,0
SMOKE-BULK-1784031113-26,1,1,1,0
SMOKE-BULK-1784031113-27,1,1,1,0
SMOKE-BULK-1784031113-28,1,1,1,0
SMOKE-BULK-1784031113-29,1,1,1,0
SMOKE-BULK-1784031113-30,1,1,1,0
SMOKE-BULK-1784031113-31,1,1,1,0
SMOKE-BULK-1784031113-32,1,1,1,0
SMOKE-BULK-1784031113-33,1,1,1,0
SMOKE-BULK-1784031113-34,1,1,1,0
SMOKE-BULK-1784031113-35,1,1,1,0
SMOKE-BULK-1784031113-36,1,1,1,0
SMOKE-BULK-1784031113-37,1,1,1,0
SMOKE-BULK-1784031113-38,1,1,1,0
SMOKE-BULK-1784031113-39,1,1,1,0
SMOKE-BULK-1784031113-40,1,1,1,0
SMOKE-BULK-1784031113-41,1,1,1,0
SMOKE-BULK-1784031113-42,1,1,1,0
SMOKE-BULK-1784031113-43,1,1,1,0
SMOKE-BULK-1784031113-44,1,1,1,0
SMOKE-BULK-1784031113-45,1,1,1,0
SMOKE-BULK-1784031113-46,1,1,1,0
SMOKE-BULK-1784031113-47,1,1,1,0
SMOKE-BULK-1784031113-48,1,1,1,0
SMOKE-BULK-1784031113-49,1,1,1,0
SMOKE-BULK-1784031113-50,1,1,1,0
SMOKE-BULK-1784031113-51,1,1,1,0
SMOKE-BULK-1784031113-52,1,1,1,0
SMOKE-BULK-1784031113-53,1,1,1,0
SMOKE-BULK-1784031113-54,1,1,1,0
SMOKE-BULK-1784031113-55,1,1,1,0
SMOKE-BULK-1784031113-56,1,1,1,0
SMOKE-BULK-1784031113-57,1,1,1,0
SMOKE-BULK-1784031113-58,1,1,1,0
SMOKE-BULK-1784031113-59,1,1,1,0
SMOKE-BULK-1784031113-60,1,1,1,0
SMOKE-BULK-1784031113-61,1,1,1,0
SMOKE-BULK-1784031113-62,1,1,1,0
SMOKE-BULK-1784031113-63,1,1,1,0
SMOKE-BULK-1784031113-64,1,1,1,0
SMOKE-BULK-1784031113-65,1,1,1,0
SMOKE-BULK-1784031113-66,1,1,1,0
SMOKE-BULK-1784031113-67,1,1,1,0
SMOKE-BULK-1784031113-68,1,1,1,0
SMOKE-BULK-1784031113-69,1,1,1,0
SMOKE-BULK-1784031113-70,1,1,1,0
SMOKE-BULK-1784031113-71,1,1,1,0
SMOKE-BULK-1784031113-72,1,1,1,0
SMOKE-BULK-1784031113-73,1,1,1,0
SMOKE-BULK-1784031113-74,1,1,1,0
SMOKE-BULK-1784031113-75,1,1,1,0
SMOKE-BULK-1784031113-76,1,1,1,0
SMOKE-BULK-1784031113-77,1,1,1,0
SMOKE-BULK-1784031113-78,1,1,1,0
SMOKE-BULK-1784031113-79,1,1,1,0
SMOKE-BULK-1784031113-80,1,1,1,0
SMOKE-BULK-1784031113-81,1,1,1,0
SMOKE-BULK-1784031113-82,1,1,1,0
SMOKE-BULK-1784031113-83,1,1,1,0
SMOKE-BULK-1784031113-84,1,1,1,0
SMOKE-BULK-1784031113-85,1,1,1,0
SMOKE-BULK-1784031113-86,1,1,1,0
SMOKE-BULK-1784031113-87,1,1,1,0
SMOKE-BULK-1784031113-88,1,1,1,0
SMOKE-BULK-1784031113-89,1,1,1,0
SMOKE-BULK-1784031113-90,1,1,1,0
SMOKE-BULK-1784031113-91,1,1,1,0
SMOKE-BULK-1784031113-92,1,1,1,0
SMOKE-BULK-1784031113-93,1,1,1,0
SMOKE-BULK-1784031113-94,1,1,1,0
SMOKE-BULK-1784031113-95,1,1,1,0
SMOKE-BULK-1784031113-96,1,1,1,0
SMOKE-BULK-1784031113-97,1,1,1,0
SMOKE-BULK-1784031113-98,1,1,1,0
SMOKE-BULK-1784031113-99,1,1,1,0
SMOKE-BULK-1784031113-100,1,1,1,0
SMOKE-BULK-1784031113-101,1,1,1,0
SMOKE-BULK-1784031113-102,1,1,1,0
SMOKE-BULK-1784031113-103,1,1,1,0
SMOKE-BULK-1784031113-104,1,1,1,0
SMOKE-BULK-1784031113-105,1,1,1,0
SMOKE-BULK-1784031113-106,1,1,1,0
SMOKE-BULK-1784031113-107,1,1,1,0
SMOKE-BULK-1784031113-108,1,1,1,0
SMOKE-BULK-1784031113-109,1,1,1,0
SMOKE-BULK-1784031113-110,1,1,1,0
SMOKE-BULK-1784031113-111,1,1,1,0
SMOKE-BULK-1784031113-112,1,1,1,0
SMOKE-BULK-1784031113-113,1,1,1,0
SMOKE-BULK-1784031113-114,1,1,1,0
SMOKE-BULK-1784031113-115,1,1,1,0
SMOKE-BULK-1784031113-116,1,1,1,0
SMOKE-BULK-1784031113-117,1,1,1,0
SMOKE-BULK-1784031113-118,1,1,1,0
SMOKE-BULK-1784031113-119,1,1,1,0
SMOKE-BULK-1784031113-120,1,1,1,0
SMOKE-BULK-1784031113-121,1,1,1,0
SMOKE-BULK-1784031113-122,1,1,1,0
SMOKE-BULK-1784031113-123,1,1,1,0
SMOKE-BULK-1784031113-124,1,1,1,0
SMOKE-BULK-1784031113-125,1,1,1,0
SMOKE-BULK-1784031113-126,1,1,1,0
SMOKE-BULK-1784031113-127,1,1,1,0
SMOKE-BULK-1784031113-128,1,1,1,0
SMOKE-BULK-1784031113-129,1,1,1,0
SMOKE-BULK-1784031113-130,1,1,1,0
SMOKE-BULK-1784031113-131,1,1,1,0
SMOKE-BULK-1784031113-132,1,1,1,0
SMOKE-BULK-1784031113-133,1,1,1,0
SMOKE-BULK-1784031113-134,1,1,1,0
SMOKE-BULK-1784031113-135,1,1,1,0
SMOKE-BULK-1784031113-136,1,1,1,0
SMOKE-BULK-1784031113-137,1,1,1,0
SMOKE-BULK-1784031113-138,1,1,1,0
SMOKE-BULK-1784031113-139,1,1,1,0
SMOKE-BULK-1784031113-140,1,1,1,0
SMOKE-BULK-1784031113-141,1,1,1,0
SMOKE-BULK-1784031113-142,1,1,1,0
SMOKE-BULK-1784031113-143,1,1,1,0
SMOKE-BULK-1784031113-144,1,1,1,0
SMOKE-BULK-1784031113-145,1,1,1,0
SMOKE-BULK-1784031113-146,1,1,1,0
SMOKE-BULK-1784031113-147,1,1,1,0
SMOKE-BULK-1784031113-148,1,1,1,0
SMOKE-BULK-1784031113-149,1,1,1,0
SMOKE-BULK-1784031113-150,1,1,1,0
SMOKE-BULK-1784031113-151,1,1,1,0
SMOKE-BULK-1784031113-152,1,1,1,0
SMOKE-BULK-1784031113-153,1,1,1,0
SMOKE-BULK-1784031113-154,1,1,1,0
SMOKE-BULK-1784031113-155,1,1,1,0
SMOKE-BULK-1784031113-156,1,1,1,0
SMOKE-BULK-1784031113-157,1,1,1,0
SMOKE-BULK-1784031113-158,1,1,1,0
SMOKE-BULK-1784031113-159,1,1,1,0
SMOKE-BULK-1784031113-160,1,1,1,0
SMOKE-BULK-1784031113-161,1,1,1,0
SMOKE-BULK-1784031113-162,1,1,1,0
SMOKE-BULK-1784031113-163,1,1,1,0
SMOKE-BULK-1784031113-164,1,1,1,0
SMOKE-BULK-1784031113-165,1,1,1,0
SMOKE-BULK-1784031113-166,1,1,1,0
SMOKE-BULK-1784031113-167,1,1,1,0
SMOKE-BULK-1784031113-168,1,1,1,0
SMOKE-BULK-1784031113-169,1,1,1,0
SMOKE-BULK-1784031113-170,1,1,1,0
SMOKE-BULK-1784031113-171,1,1,1,0
SMOKE-BULK-1784031113-172,1,1,1,0
SMOKE-BULK-1784031113-173,1,1,1,0
SMOKE-BULK-1784031113-174,1,1,1,0
SMOKE-BULK-1784031113-175,1,1,1,0
SMOKE-BULK-1784031113-176,1,1,1,0
SMOKE-BULK-1784031113-177,1,1,1,0
SMOKE-BULK-1784031113-178,1,1,1,0
SMOKE-BULK-1784031113-179,1,1,1,0
SMOKE-BULK-1784031113-180,1,1,1,0
SMOKE-BULK-1784031113-181,1,1,1,0
SMOKE-BULK-1784031113-182,1,1,1,0
SMOKE-BULK-1784031113-183,1,1,1,0
SMOKE-BULK-1784031113-184,1,1,1,0
SMOKE-BULK-1784031113-185,1,1,1,0
SMOKE-BULK-1784031113-186,1,1,1,0
SMOKE-BULK-1784031113-187,1,1,1,0
SMOKE-BULK-1784031113-188,1,1,1,0
SMOKE-BULK-1784031113-189,1,1,1,0
SMOKE-BULK-1784031113-190,1,1,1,0
SMOKE-BULK-1784031113-191,1,1,1,0
SMOKE-BULK-1784031113-192,1,1,1,0
SMOKE-BULK-1784031113-193,1,1,1,0
SMOKE-BULK-1784031113-194,1,1,1,0
SMOKE-BULK-1784031113-195,1,1,1,0
SMOKE-BULK-1784031113-196,1,1,1,0
SMOKE-BULK-1784031113-197,1,1,1,0
SMOKE-BULK-1784031113-198,1,1,1,0
SMOKE-BULK-1784031113-199,1,1,1,0
SMOKE-BULK-1784031113-200,1,1,1,0
SMOKE-BULK-1784031113-201,1,1,1,0
SMOKE-BULK-1784031113-202,1,1,1,0
SMOKE-BULK-1784031113-203,1,1,1,0
SMOKE-BULK-1784031113-204,1,1,1,0
SMOKE-BULK-1784031113-205,1,1,1,0
SMOKE-BULK-1784031113-206,1,1,1,0
SMOKE-BULK-1784031113-207,1,1,1,0
SMOKE-BULK-1784031113-208,1,1,1,0
SMOKE-BULK-1784031113-209,1,1,1,0
SMOKE-BULK-1784031113-210,1,1,1,0
SMOKE-BULK-1784031113-211,1,1,1,0
SMOKE-BULK-1784031113-212,1,1,1,0
SMOKE-BULK-1784031113-213,1,1,1,0
SMOKE-BULK-1784031113-214,1,1,1,0
SMOKE-BULK-1784031113-215,1,1,1,0
SMOKE-BULK-1784031113-216,1,1,1,0
SMOKE-BULK-1784031113-217,1,1,1,0
SMOKE-BULK-1784031113-218,1,1,1,0
SMOKE-BULK-1784031113-219,1,1,1,0
SMOKE-BULK-1784031113-220,1,1,1,0
SMOKE-BULK-1784031113-221,1,1,1,0
SMOKE-BULK-1784031113-222,1,1,1,0
SMOKE-BULK-1784031113-223,1,1,1,0
SMOKE-BULK-1784031113-224,1,1,1,0
SMOKE-BULK-1784031113-225,1,1,1,0
SMOKE-BULK-1784031113-226,1,1,1,0
SMOKE-BULK-1784031113-227,1,1,1,0
SMOKE-BULK-1784031113-228,1,1,1,0
SMOKE-BULK-1784031113-229,1,1,1,0
SMOKE-BULK-1784031113-230,1,1,1,0
SMOKE-BULK-1784031113-231,1,1,1,0
SMOKE-BULK-1784031113-232,1,1,1,0
SMOKE-BULK-1784031113-233,1,1,1,0
SMOKE-BULK-1784031113-234,1,1,1,0
SMOKE-BULK-1784031113-235,1,1,1,0
SMOKE-BULK-1784031113-236,1,1,1,0
SMOKE-BULK-1784031113-237,1,1,1,0
SMOKE-BULK-1784031113-238,1,1,1,0
SMOKE-BULK-1784031113-239,1,1,1,0
SMOKE-BULK-1784031113-240,1,1,1,0
SMOKE-BULK-1784031113-241,1,1,1,0
SMOKE-BULK-1784031113-242,1,1,1,0
SMOKE-BULK-1784031113-243,1,1,1,0
SMOKE-BULK-1784031113-244,1,1,1,0
SMOKE-BULK-1784031113-245,1,1,1,0
SMOKE-BULK-1784031113-246,1,1,1,0
SMOKE-BULK-1784031113-247,1,1,1,0
SMOKE-BULK-1784031113-248,1,1,1,0
SMOKE-BULK-1784031113-249,1,1,1,0
SMOKE-BULK-1784031113-250,1,1,1,0
